{
  "data": [
    {
      "id": 1,
      "avatar": "10.png",
      "full_name": "Korrie O'Crevy",
      "post": "Seguridad Ocupacional",
      "email": "kocrevy0@thetimes.co.uk",
      "start_date": "09/23/2021",
      "status": 1
    },
    {
      "id": 2,
      "avatar": "1.png",
      "full_name": "Bailie Coulman",
      "post": "Seguridad Ocupacional",
      "email": "bcoulman1@yolasite.com",
      "start_date": "05/20/2021",
      "status": 2
    },
    {
      "id": 3,
      "avatar": "9.png",
      "full_name": "Stella Ganderton",
      "post": "Seguridad Ocupacional",
      "email": "sganderton2@tuttocitta.it",
      "start_date": "03/24/2021",
      "status": 2
    },
    {
      "id": 4,
      "avatar": "10.png",
      "full_name": "Dorolice Crossman",
      "post": "Seguridad Ocupacional",
      "email": "dcrossman3@google.co.jp",
      "start_date": "12/03/2021",
      "status": 3
    },
    {
      "id": 5,
      "avatar": "",
      "full_name": "Harmonia Nisius",
      "post": "Seguridad Ocupacional",
      "email": "hnisius4@gnu.org",
      "start_date": "08/25/2021",
      "status": 3
    },
    {
      "id": 6,
      "avatar": "",
      "full_name": "Genevra Honeywood",
      "post": "Campamento",
      "email": "ghoneywood5@narod.ru",
      "start_date": "06/01/2021",
      "status": 4
    },
    {
      "id": 7,
      "avatar": "",
      "full_name": "Eileen Diehn",
      "post": "Piscinas",
      "email": "ediehn6@163.com",
      "start_date": "10/15/2021",
      "status": 4
    },
    {
      "id": 8,
      "avatar": "9.png",
      "full_name": "Richardo Aldren",
      "post": "Maquinas de Equipo Pesado",
      "email": "raldren7@mtv.com",
      "start_date": "11/05/2021",
      "status": 4
    },
    {
      "id": 9,
      "avatar": "2.png",
      "full_name": "Allyson Moakler",
      "post": "Departamento Medico",
      "email": "amoakler8@shareasale.com",
      "start_date": "12/29/2021",
      "status": 4
    },
    {
      "id": 10,
      "avatar": "9.png",
      "full_name": "Miguel Rodriguez",
      "post": "Seguridad Ocupacional",
      "email": "mpenhalewick9@php.net",
      "start_date": "04/19/2021",
      "status": 3
    }
  ]
}